{"aoi": [687349.251864082, 5503354.434416018, 687649.251864082, 5503654.434416018], "leaf_indices": [82260, 82322, 82339, 82372, 82381, 82395, 82429, 82434, 82453, 82469, 82484, 83489, 83668, 83677, 83697, 83713, 83735, 83777, 83786, 83815, 84009, 84054, 84188, 84208, 84220, 84225, 85161, 85181, 85196, 85212, 85217, 85257, 85287, 85355, 85386, 85451]}